{
    "10": {
        "Dialogue": "You can also put in comment nodes, but these are not saved in the final file.\nYet",
        "Options": {
            "0": {
                "Link": "7",
                "Text": "Next"
            }
        },
        "Speaker": "Fred"
    },
    "2": {
        "Dialogue": "So, did you figure out how to use this app?",
        "Options": {
            "0": {
                "Link": "4",
                "Text": "Yeah!"
            },
            "1": {
                "Link": "5",
                "Text": "Nope"
            }
        },
        "Speaker": "Fred"
    },
    "3": "End",
    "4": {
        "Dialogue": "Thats awesome! Still want me to take you through the basics?",
        "Options": {
            "0": {
                "Link": "5",
                "Text": "Yeah sure"
            },
            "1": {
                "Link": "7",
                "Text": "No thanks, I'm fine"
            }
        },
        "Speaker": "Fred"
    },
    "5": {
        "Dialogue": "Ok, so to make your first tree, add a [u]Start node[/u] and an [u]End node[/u].",
        "Options": {
            "0": {
                "Link": "6",
                "Text": "Next"
            }
        },
        "Speaker": "Fred"
    },
    "6": {
        "Dialogue": "After that, add as many [u]Dialogue nodes[/u] as you want, and fill in the details.",
        "Options": {
            "0": {
                "Link": "8",
                "Text": "Next"
            }
        },
        "Speaker": "Fred"
    },
    "7": {
        "Dialogue": "Great! Hit me up whenever you need help with the basics!",
        "Options": {
            "0": {
                "Link": "3",
                "Text": "Ok, bye!"
            }
        },
        "Speaker": "Fred"
    },
    "8": {
        "Dialogue": "You can turn on [u]Options[/u] on a [u]Dialogue node[/u] to have options like this dialogue. See these options below?",
        "Options": {
            "0": {
                "Link": "9",
                "Text": "Yeah!"
            },
            "1": {
                "Link": "9",
                "Text": "I see these options!"
            },
            "2": {
                "Link": "9",
                "Text": "Nice"
            },
            "3": {
                "Link": "9",
                "Text": "Wait only four options?"
            }
        },
        "Speaker": "Fred"
    },
    "9": {
        "Dialogue": "You can only have four options as of now.",
        "Options": {
            "0": {
                "Link": "10",
                "Text": "Next"
            }
        },
        "Speaker": "Fred"
    },
    "Start": "2"
}